Food_Name,Measure,Grams,Calories,Protein,Fat,Sat.Fat,Fiber,Carbs,Category
Sữa bò,1 qt.,976,660.0,32,40.0,36,0,48.0,Dairy products
Sữa gầy,1 qt.,984,360.0,36,0.0,t,0,52.0,Dairy products
bơ sữa,1 cup,246,127.0,9,5.0,4,0,13.0,Dairy products
"Bay hơi, không pha loãng",1 cup,252,345.0,16,20.0,18,0,24.0,Dairy products
Sữa tăng cường,6 cups,1419,1373.0,89,42.0,23,1.4,119.0,Dairy products
Sữa bột,1 cup,103,515.0,27,28.0,24,0,39.0,Dairy products
"lướt qua, ngay lập tức",1 1/3 cups,85,290.0,30,0.0,t,0,42.0,Dairy products
"lướt qua, không tức thời",2/3 cup,85,290.0,30,0.0,t,1,42.0,Dairy products
Sữa dê,1 cup,244,165.0,8,10.0,8,0,11.0,Dairy products
(1/2 cốc kem),2 cups,540,690.0,24,24.0,22,0,70.0,Dairy products
ca cao,1 cup,252,235.0,8,11.0,10,0,26.0,Dairy products
lướt qua. sữa,1 cup,250,128.0,18,4.0,3,1,13.0,Dairy products
(bột ngô),1 cup,248,275.0,9,10.0,9,0,40.0,Dairy products
sữa trứng,1 cup,248,285.0,13,14.0,11,0,28.0,Dairy products
Kem,1 cup,188,300.0,6,18.0,16,0,29.0,Dairy products
Sữa đá,1 cup,190,275.0,9,10.0,9,0,32.0,Dairy products
Kem hoặc nửa rưỡi,1/2 cup,120,170.0,4,15.0,13,0,5.0,Dairy products
hoặc đánh đòn,1/2 cup,119,430.0,2,44.0,27,1,3.0,Dairy products
Phô mai,1 cup,225,240.0,30,11.0,10,0,6.0,Dairy products
không có kem,1 cup,225,195.0,38,0.0,t,0,6.0,Dairy products
Cheddar,1-in. cube,17,70.0,4,6.0,5,0,0.0,Dairy products
"Cheddar, cốc nghiền",1/2 cup,56,226.0,14,19.0,17,0,1.0,Dairy products
Kem phô mai,1 oz.,28,105.0,2,11.0,10,0,1.0,Dairy products
Phô mai chế biến,1 oz.,28,105.0,7,9.0,8,0,0.0,Dairy products
loại roquefort,1 oz.,28,105.0,6,9.0,8,0,0.0,Dairy products
người Thụy Sĩ,1 oz.,28,105.0,7,8.0,7,0,0.0,Dairy products
Trứng sống,2,100,150.0,12,12.0,10,0,0.0,Dairy products
Trứng tráng hoặc chiên,2,128,220.0,13,16.0,14,0,1.0,Dairy products
Lòng đỏ,2,34,120.0,6,10.0,8,0,0.0,"Fats, Oils, Shortenings"
Bơ,1T.,14,100.0,0,11.0,10,0,0.0,"Fats, Oils, Shortenings"
Chất béo nấu ăn hydro hóa,1/2 cup,100,665.0,0,100.0,88,0,0.0,"Fats, Oils, Shortenings"
mỡ lợn,1/2 cup,110,992.0,0,110.0,92,0,0.0,"Fats, Oils, Shortenings"
bơ thực vật,1/2 cup,112,806.0,0,91.0,76,0,0.0,"Fats, Oils, Shortenings"
"Margarine, 2 miếng hoặc",1 T.,14,100.0,0,11.0,9,0,0.0,"Fats, Oils, Shortenings"
Mayonnaise,1 T.,15,110.0,0,12.0,5,0,0.0,"Fats, Oils, Shortenings"
Dầu ngô,1 T.,14,125.0,0,14.0,5,0,0.0,"Fats, Oils, Shortenings"
Dầu ô liu,1T.,14,125.0,0,14.0,3,0,0.0,"Fats, Oils, Shortenings"
Dầu hạt cây rum,1 T.,14,125.0,0,14.0,3,0,0.0,"Fats, Oils, Shortenings"
nước sốt kiểu Pháp,1 T.,15,60.0,0,6.0,2,0,2.0,"Fats, Oils, Shortenings"
Nước sốt ngàn đảo,1 T.,15,75.0,0,8.0,3,0,1.0,"Fats, Oils, Shortenings"
Thịt xông khói,2 slices,16,95.0,4,8.0,7,0,1.0,"Meat, Poultry"
Thịt bò,3 oz.,85,245.0,23,16.0,15,0,0.0,"Meat, Poultry"
bánh mì kẹp thịt,3 oz.,85,245.0,21,17.0,15,0,0.0,"Meat, Poultry"
Đất nạc,3 oz.,85,185.0,24,10.0,9,0,0.0,"Meat, Poultry"
Thịt bò nướng,3 oz.,85,390.0,16,36.0,35,0,0.0,"Meat, Poultry"
Bít tết,3 oz.,85,330.0,20,27.0,25,0,0.0,"Meat, Poultry"
"Bít tết, nạc, tròn",3 oz.,85,220.0,24,12.0,11,0,0.0,"Meat, Poultry"
Thịt bò bắp,3 oz.,85,185.0,22,10.0,9,0,0.0,"Meat, Poultry"
Bắp bò bắp đóng hộp,3 oz.,85,120.0,12,8.0,7,t,6.0,"Meat, Poultry"
Băm bò bắp khô,2 oz.,56,115.0,19,4.0,4,0,0.0,"Meat, Poultry"
bánh nướng,1 pie,227,480.0,18,28.0,25,t,32.0,"Meat, Poultry"
Thịt bò băm hầm,1 cup,235,185.0,15,10.0,9,t,15.0,"Meat, Poultry"
thịt gà,3 oz.,85,185.0,23,9.0,7,0,0.0,"Meat, Poultry"
"Gà rán, ức hoặc đùi và đùi",3 oz.,85,245.0,25,15.0,11,0,0.0,"Meat, Poultry"
gà nướng,3 1/2 oz.,100,290.0,25,20.0,16,0,0.0,"Meat, Poultry"
Gan gà chiên,3 med.,100,140.0,22,14.0,12,0,2.3,"Meat, Poultry"
"Vịt, nội địa",3 1/2 oz.,100,370.0,16,28.0,0,0,0.0,"Meat, Poultry"
"Thịt cừu, chặt, nướng",4 oz.,115,480.0,24,35.0,33,0,0.0,"Meat, Poultry"
chân nướng,3 oz.,86,314.0,20,14.0,14,0,0.0,"Meat, Poultry"
"Vai, om",3 oz.,85,285.0,18,23.0,21,0,0.0,"Meat, Poultry"
Thịt lợn chặt 1 miếng dày,3 1/2 oz.,100,260.0,16,21.0,18,0,0.0,"Meat, Poultry"
Thịt nguội nướng,3 oz.,85,290.0,16,22.0,19,0,0.0,"Meat, Poultry"
"Hàm, như",2 oz.,57,170.0,13,13.0,11,0,0.0,"Meat, Poultry"
"Thịt giăm bông, đóng hộp, gia vị",2 oz.,57,165.0,8,14.0,12,0,1.0,"Meat, Poultry"
Thịt lợn quay,3 oz.,85,310.0,21,24.0,21,0,0.0,"Meat, Poultry"
xúc xích heo,3 1/2 oz.,100,475.0,18,44.0,40,0,0.0,"Meat, Poultry"
Thổ Nhĩ Kỳ,3 1/2 oz.,100,265.0,27,15.0,0,0,0.0,"Meat, Poultry"
Bê,3 oz.,85,185.0,23,9.0,8,0,0.0,"Meat, Poultry"
Thịt nướng,3 oz.,85,305.0,13,14.0,13,0,0.0,"Meat, Poultry"
Trai,3 oz.,85,87.0,12,1.0,0,0,2.0,"Fish, Seafood"
cá tuyết,3 1/2 oz.,100,170.0,28,5.0,0,0,0.0,"Fish, Seafood"
Thịt cua,3 oz.,85,90.0,14,2.0,0,0,1.0,"Fish, Seafood"
Cá que chiên,5,112,200.0,19,10.0,5,0,8.0,"Fish, Seafood"
cá bơn,3 1/2 oz.,100,200.0,30,8.0,0,0,0.0,"Fish, Seafood"
cá tuyết chấm đen,3 oz.,85,135.0,16,5.0,4,0,6.0,"Fish, Seafood"
cá bơn,3 1/2 oz.,100,182.0,26,8.0,0,0,0.0,"Fish, Seafood"
cá trích,1 small,100,211.0,22,13.0,0,0,0.0,"Fish, Seafood"
Tôm,aver.,100,92.0,18,1.0,0,0,0.0,"Fish, Seafood"
cá thu,3 oz.,85,155.0,18,9.0,0,a,0.0,"Fish, Seafood"
Hàu,6-8 med.,230,231.0,232,233.0,234,235,236.0,"Fish, Seafood"
Hàu hầm,1 cup,85,125.0,19,6.0,1,0,0.0,"Fish, Seafood"
cá hồi,3 oz.,85,120.0,17,5.0,1,0,0.0,"Fish, Seafood"
cá mòi,3 oz.,85,180.0,22,9.0,4,0,0.0,"Fish, Seafood"
Sò điệp,3 1/2 oz.,100,104.0,18,8.0,0,0,10.0,"Fish, Seafood"
Shad,3 oz.,85,170.0,20,10.0,0,0,0.0,"Fish, Seafood"
Con tôm,3 oz.,85,110.0,23,1.0,0,0,0.0,"Fish, Seafood"
cá kiếm,1 steak,100,180.0,27,6.0,0,0,0.0,"Fish, Seafood"
Cá ngừ,3 oz.,85,170.0,25,7.0,3,0,0.0,"Fish, Seafood"
Atisô,1 large,100,0.0,2,0.0,t,2,10.0,Vegetables A-E
Măng tây,6 spears,96,18.0,1,0.0,t,0.5,3.0,Vegetables A-E
Đậu,1 cup,125,25.0,1,0.0,t,0.8,6.0,Vegetables A-E
Lima,1 cup,160,140.0,8,0.0,t,3.0,24.0,Vegetables A-E
"Lima, khô, nấu chín",1 cup,192,260.0,16,0.0,t,2,48.0,Vegetables A-E
"Hải quân, nướng với thịt lợn",3/4 cup,200,250.0,11,6.0,6,2,37.0,Vegetables A-E
Thận đỏ,1 cup,260,230.0,15,1.0,0,2.5,42.0,Vegetables A-E
giá đỗ,1 cup,50,17.0,1,0.0,0,0.3,3.0,Vegetables A-E
Củ cải xanh,1 cup,100,27.0,2,0.0,0,1.4,6.0,Vegetables A-E
bông cải xanh,1 cup,150,45.0,5,0.0,0,1.9,8.0,Vegetables A-E
cải Brussels,1 cup,130,60.0,6,0.0,0,1.7,12.0,Vegetables A-E
dưa cải bắp,1 cup,150,32.0,1,0.0,0,1.2,7.0,Vegetables A-E
Bắp cải hấp,1 cup,170,40.0,2,0.0,0,1.3,9.0,Vegetables A-E
cà rốt,1 cup,150,45.0,1,0.0,0,0.9,10.0,Vegetables A-E
"Nguyên, xay",1 cup,110,45.0,1,0.0,0,1.2,10.0,Vegetables A-E
"Dải, từ thô",1 mad.,50,20.0,0,0.0,0,0.5,5.0,Vegetables A-E
Súp lơ,1 cup,120,30.0,3,0.0,0,1,6.0,Vegetables A-E
cần tây,1 cup,100,20.0,1,0.0,0,1,4.0,Vegetables A-E
cuống nguyên,1 large,40,5.0,1,0.0,0,0.3,1.0,Vegetables A-E
Củ cải hấp,1 cup,150,30.0,2,0.0,0,1.4,7.0,Vegetables A-E
cải rổ,1 cup,150,51.0,5,0.0,0,2,8.0,Vegetables A-E
ngô,1 ear,100,92.0,3,1.0,t,0.8,21.0,Vegetables A-E
nấu chín hoặc đóng hộp,1 cup,200,170.0,5,0.0,0,1.6,41.0,Vegetables A-E
dưa chuột,8,50,6.0,0,0.0,0,0.2,1.0,Vegetables A-E
Rau bồ công anh,1 cup,180,80.0,5,1.0,0,3.2,16.0,Vegetables A-E
cà tím,1 cup,180,30.0,2,0.0,0,1.0,9.0,Vegetables A-E
dai dẳng,2 oz.,57,10.0,1,0.0,0,0.6,2.0,Vegetables A-E
cải xoăn,1 cup,110,45.0,4,1.0,0,0.9,8.0,Vegetables F-P
Su hào,1 cup,140,40.0,2,0.0,0,1.5,9.0,Vegetables F-P
Thịt cừu hấp,1 cup,150,48.0,5,0.0,0,3.2,7.0,Vegetables F-P
đậu lăng,1 cup,200,212.0,15,0.0,0,2.4,38.0,Vegetables F-P
Rau xà lách,1/4 head,100,14.0,1,0.0,0,0.5,2.0,Vegetables F-P
tảng băng trôi,1/4 head,100,13.0,0,0.0,0,0.5,3.0,Vegetables F-P
Nấm đóng hộp,4,120,12.0,2,0.0,0,t,4.0,Vegetables F-P
Cải xanh,1,140,30.0,3,0.0,0,1.2,6.0,Vegetables F-P
đậu bắp,1 1/3 cups,100,32.0,1,0.0,0,1,7.0,Vegetables F-P
hành tây,1,210,80.0,2,0.0,0,1.6,18.0,Vegetables F-P
"Nguyên, xanh",6 small,50,22.0,0,0.0,0,1,5.0,Vegetables F-P
mùi tây,2 T.,50,2.0,0,0.0,0,t,0.0,Vegetables F-P
củ cải vàng,1 cup,155,95.0,2,1.0,0,3,22.0,Vegetables F-P
Đậu Hà Lan,1 cup,100,66.0,3,0.0,0,0.1,13.0,Vegetables F-P
Đậu Hà Lan tươi hấp,1 cup,100,70.0,5,0.0,0,2.2,12.0,Vegetables R-Z
Tách đậu nấu chín,4 cups,100,115.0,8,0.0,0,0.4,21.0,Vegetables R-Z
đậu Hà Lan nóng,1 cup,100,53.0,3,0.0,0,1,10.0,Vegetables R-Z
Ớt đóng hộp,1 pod,38,10.0,0,0.0,0,t,2.0,Vegetables R-Z
"Ớt sống, xanh, ngọt",1 large,100,25.0,1,0.0,0,1.4,6.0,Vegetables R-Z
Ớt với thịt bò và vụn,1 med.,150,255.0,19,9.0,8,1,24.0,Vegetables R-Z
Khoai tây nướng,1 med.,100,100.0,2,0.0,0,0.5,22.0,Vegetables R-Z
chiên kiểu Pháp,10 pieces,60,155.0,-1,7.0,3,0.4,20.0,Vegetables R-Z
Khoai tây nghiền với sữa và bơ,1 cup,200,230.0,4,12.0,11,0.7,28.0,Vegetables R-Z
Khoai tây chiên áp chảo,3/4 cup,100,268.0,4,14.0,6,0.40,33.0,Vegetables R-Z
Khoai tây sò điệp phô mai,3/4 cup,100,145.0,6,8.0,7,0.40,14.0,Vegetables R-Z
Khoai tây hấp trước khi gọt vỏ,1 med.,100,80.0,2,0.0,0,0.40,19.0,Vegetables R-Z
khoai tây chiên,10,20,110.0,1,7.0,4,t,10.0,Vegetables R-Z
củ cải,5 small,50,10.0,0,0.0,0,0.3,2.0,Vegetables R-Z
rutabagas,4 cups,100,32.0,0,0.0,0,1.4,8.0,Vegetables R-Z
Đậu nành,1 cup,200,260.0,22,11.0,0,3.2,20.0,Vegetables R-Z
Rau chân vịt,1 cup,100,26.0,3,0.0,0,1,3.0,Vegetables R-Z
bí,1 cup,210,35.0,1,0.0,0,0.6,8.0,Vegetables R-Z
"Mùa đông, nghiền",1 cup,200,95.0,4,0.0,0,2.6,23.0,Vegetables R-Z
khoai lang,1 med.,110,155.0,2,1.0,0,1,36.0,Vegetables R-Z
Kẹo,1 med.,175,235.0,2,6.0,5,1.5,80.0,Vegetables R-Z
cà chua,1 cup,240,50.0,2,0.0,0,1,9.0,Vegetables R-Z
"Nguyên, 2 x 2 1/2",1 med.,150,30.0,1,0.0,0,0.6,6.0,Vegetables R-Z
Nước ép cà chua,1 cup,240,50.0,2,0.0,0,0.6,10.0,Vegetables R-Z
Súp cà chua,1 T.,17,15.0,0,0.0,0,t,4.0,Vegetables R-Z
Rau củ cải,1 cup,145,45.0,4,1.0,0,1.8,8.0,Vegetables R-Z
Củ cải hấp,1 cup,155,40.0,1,0.0,0,1.8,9.0,Vegetables R-Z
"Thân cải xoong, sống",1 cup,50,9.0,1,0.0,0,0.3,1.0,Fruits A-F
Nước ép táo đóng hộp,1 cup,250,125.0,0,0.0,0,0,34.0,Fruits A-F
Giấm táo,1/3 cup,100,14.0,0,0.0,0,0,3.0,Fruits A-F
"Táo, nguyên chất",1 med,130,70.0,0,0.0,0,1,18.0,Fruits A-F
Hầm hoặc đóng hộp,1 cup,240,100.0,0,0.0,0,2,26.0,Fruits A-F
quả mơ,1 cup,250,220.0,2,0.0,0,1,57.0,Fruits A-F
"Khô, chưa nấu chín",1/2 cup,75,220.0,4,0.0,0,1,50.0,Fruits A-F
Tươi,3 med.,114,55.0,1,0.0,0,0.70,14.0,Fruits A-F
Mật hoa hoặc nước trái cây,1 cup,250,140.0,1,0.0,0,2,36.0,Fruits A-F
quả bơ,1/2 large,108,185.0,2,18.0,12,1.80,6.0,Fruits A-F
Chuối,1 med.,150,85.0,1,0.0,0,0.9,23.0,Fruits A-F
Quả mâm xôi,1 cup,144,85.0,2,1.0,0,6.60,19.0,Fruits A-F
Quả việt quất,1 cup,250,245.0,1,0.0,0,2,65.0,Fruits A-F
dưa đỏ,1/2 med.,380,40.0,1,0.0,0,2.20,9.0,Fruits A-F
Anh đào,1 cup,257,100.0,2,1.0,0,2,26.0,Fruits A-F
"Tươi, thô",1 cup,114,65.0,1,0.0,0,0.8,15.0,Fruits A-F
Nước sốt việt quất ngọt,1 cup,277,530.0,0,0.0,0,1.2,142.0,Fruits A-F
Ngày,1 cup,178,505.0,4,0.0,0,3.6,134.0,Fruits A-F
quả sung,2,42,120.0,2,0.0,0,1.9,30.0,Fruits A-F
"Quả sung tươi, sống",3 med.,114,90.0,2,0.0,0,1,22.0,Fruits A-F
quả sung đóng hộp với xi-rô,3,115,130.0,1,0.0,0,1,32.0,Fruits A-F
"Cocktail trái cây, đóng hộp",1 cup,256,195.0,1,0.0,0,0.5,50.0,Fruits A-F
Phần bưởi,1 cup,250,170.0,1,0.0,0,0.5,44.0,Fruits G-P
"Bưởi tươi, đường kính 5""",1/2,285,50.0,1,0.0,t,1,14.0,Fruits G-P
Nước ép bưởi,1 cup,250,100.0,1,0.0,0,1,24.0,Fruits G-P
Quả nho,1 cup,153,70.0,1,0.0,0,0.8,16.0,Fruits G-P
"Châu Âu, như Muscat, Tokay",1 cup,160,100.0,1,0.0,0,0.7,26.0,Fruits G-P
Nước nho,1 cup,250,160.0,1,0.0,0,t,42.0,Fruits G-P
Nước chanh,1/2 cup,125,30.0,0,0.0,0,t,10.0,Fruits G-P
Nước chanh cô đặc đông lạnh,6-oz. can,220,430.0,0,0.0,0,t,112.0,Fruits G-P
Limeade cô đặc đông lạnh,6-oz. can,218,405.0,0,0.0,0,t,108.0,Fruits G-P
Ô liu lớn,10,65,72.0,1,10.0,9,0.8,3.0,Fruits G-P
Ôliu chín,10,65,105.0,1,13.0,12,1,1.0,Fruits G-P
"Đường kính cam 3""",1 med.,180,60.0,2,0.0,t,1,16.0,Fruits G-P
Nước cam,8 oz. or,250,112.0,2,0.0,0,0.2,25.0,Fruits G-P
đông lạnh,6-oz. can,210,330.0,2,0.0,t,0.4,78.0,Fruits G-P
Đu đủ,1/2 med.,200,75.0,1,0.0,0,1.8,18.0,Fruits G-P
đào,1 cup,257,200.0,1,0.0,0,1,52.0,Fruits G-P
Lê,1 cup,255,195.0,1,0.0,0,2,50.0,Fruits G-P
"Nguyên, 3 x 2V",1 med.,182,100.0,1,1.0,0,2,25.0,Fruits G-P
quả hồng,1 med.,125,75.0,1,0.0,0,2,20.0,Fruits G-P
Quả dứa,1 large slice,122,95.0,0,0.0,0,0.4,26.0,Fruits G-P
Dứa nghiền,1 cup,260,205.0,1,0.0,0,0.7,55.0,Fruits G-P
"Sống, thái hạt lựu",1 cup,140,75.0,1,0.0,0,0.6,19.0,Fruits G-P
Nước ép dứa,1 cup,250,120.0,1,0.0,0,0.2,32.0,Fruits G-P
quả mận,1 cup,256,185.0,1,0.0,0,0.7,50.0,Fruits G-P
"Nguyên, đường kính 2""",1,60,30.0,0,0.0,0,0.2,7.0,Fruits G-P
mận,1 cup,270,300.0,3,1.0,0,0.8,81.0,Fruits G-P
Nước ép mận,1 cup,240,170.0,1,0.0,0,0.7,45.0,Fruits G-P
nho khô,1/2 cup,88,230.0,2,0.0,0,0.7,82.0,Fruits R-Z
quả mâm xôi,1/2 cup,100,100.0,0,0.0,0,2,25.0,Fruits R-Z
"Nguyên, màu đỏ",3/4 cup,100,57.0,0,0.0,0,5,14.0,Fruits R-Z
Đại hoàng ngọt,1 cup,270,385.0,1,0.0,0,1.9,98.0,Fruits R-Z
dâu tây,1 cup,227,242.0,1,0.0,0,1.3,60.0,Fruits R-Z
thô,1 cup,149,54.0,0,0.0,0,1.9,12.0,Fruits R-Z
Quýt,I med.,114,40.0,1,0.0,0,1,10.0,Fruits R-Z
dưa hấu,1 wedge,925,120.0,2,1.0,0,3.6,29.0,Fruits R-Z
bánh quy,1,38,130.0,3,4.0,3,t,18.0,"Breads, cereals, fastfood,grains"
Cám mảnh,1 cup,25,117.0,3,0.0,0,0.10,32.0,"Breads, cereals, fastfood,grains"
"Bánh mì, lúa mì nứt",1 slice,23,60.0,2,1.0,1,0.10,12.0,"Breads, cereals, fastfood,grains"
lúa mạch đen,1 slice,23,55.0,2,1.0,1,0.10,12.0,"Breads, cereals, fastfood,grains"
"Trắng, 20 lát, hoặc",1-lb. loaf,454,1225.0,39,15.0,12,9.00,229.0,"Breads, cereals, fastfood,grains"
Lúa mì nguyên hạt,1-lb. loaf,454,1100.0,48,14.0,10,67.50,216.0,"Breads, cereals, fastfood,grains"
Bột bánh ngô xay,1 serving,50,100.0,3,4.0,2,0.30,15.0,"Breads, cereals, fastfood,grains"
Bánh ngô,1 cup,25,110.0,2,0.0,0,0.1,25.0,"Breads, cereals, fastfood,grains"
Bột ngô nấu chín,1 cup,242,120.0,8,0.0,0,0.2,27.0,"Breads, cereals, fastfood,grains"
Bột ngô,1 cup,118,360.0,9,4.0,2,1.6,74.0,"Breads, cereals, fastfood,grains"
bánh quy giòn,2 med.,14,55.0,1,1.0,0,t,10.0,"Breads, cereals, fastfood,grains"
"Soda, 2 1/2 hình vuông",2,11,45.0,1,1.0,0,t,8.0,"Breads, cereals, fastfood,grains"
Farina,1 cup,238,105.0,3,0.0,0,8,22.0,"Breads, cereals, fastfood,grains"
Bột mì,1 cup,110,460.0,39,22.0,0,2.9,33.0,"Breads, cereals, fastfood,grains"
Lúa mì (tất cả mục đích),1 cup,110,400.0,12,1.0,0,0.3,84.0,"Breads, cereals, fastfood,grains"
Lúa mì (toàn bộ),1 cup,120,390.0,13,2.0,0,2.8,79.0,"Breads, cereals, fastfood,grains"
mì ống,1 cup,140,155.0,5,1.0,0,0.1,32.0,"Breads, cereals, fastfood,grains"
Nướng với phô mai,1 cup,220,475.0,18,25.0,24,t,44.0,"Breads, cereals, fastfood,grains"
bánh nướng xốp,1,48,135.0,4,5.0,4,t,19.0,"Breads, cereals, fastfood,grains"
Mì,1 cup,160,200.0,7,2.0,2,0.1,37.0,"Breads, cereals, fastfood,grains"
bột yến mạch,1 cup,236,150.0,5,3.0,2,4.6,26.0,"Breads, cereals, fastfood,grains"
"Bánh kếp đường kính 4"".",4,108,250.0,7,9.0,0,0.1,28.0,"Breads, cereals, fastfood,grains"
"Lúa mì, bánh kếp đường kính 4"".",4,108,250.0,7,9.0,0,0.1,28.0,"Breads, cereals, fastfood,grains"
"Pizza đường kính 14"".",1 section,75,180.0,8,6.0,5,t,23.0,"Breads, cereals, fastfood,grains"
Bắp rang muối,2 cups,28,152.0,3,7.0,2,0.5,20.0,"Breads, cereals, fastfood,grains"
Cơm phồng,1 cup,14,55.0,0,0.0,0,t,12.0,"Breads, cereals, fastfood,grains"
Lúa mì căng phồng có đường trước,1 cup,28,105.0,1,0.0,0,0.6,26.0,"Breads, cereals, fastfood,grains"
Cơm,1 cup,208,748.0,15,3.0,0,1.2,154.0,"Breads, cereals, fastfood,grains"
Đã chuyển đổi,1 cup,187,677.0,14,0.0,0,0.4,142.0,"Breads, cereals, fastfood,grains"
Trắng,1 cup,191,692.0,14,0.0,0,0.3,150.0,"Breads, cereals, fastfood,grains"
mảnh cơm,1 cup,30,115.0,2,0.0,0,0.1,26.0,"Breads, cereals, fastfood,grains"
Đánh bóng gạo,1/2 cup,50,132.0,6,6.0,0,1.2,28.0,"Breads, cereals, fastfood,grains"
Bánh cuốn,1 large,50,411.0,3,12.0,11,0.1,23.0,"Breads, cereals, fastfood,grains"
bột mì tinh chế,1,38,115.0,3,2.0,2,t,20.0,"Breads, cereals, fastfood,grains"
lúa mì nguyên hạt,1,40,102.0,4,1.0,0,0.1,20.0,"Breads, cereals, fastfood,grains"
Spaghetti sốt thịt,1 cup,250,285.0,13,10.0,6,0.50,35.0,"Breads, cereals, fastfood,grains"
với cà chua và phô mai,1 cup,250,210.0,6,5.0,3,0.50,36.0,"Breads, cereals, fastfood,grains"
gạo Tây Ban Nha,1 cup,250,217.0,4,4.0,0,1.20,40.0,"Breads, cereals, fastfood,grains"
Bánh quy lúa mì vụn,1,28,100.0,3,1.0,0,0.70,23.0,"Breads, cereals, fastfood,grains"
bánh quế,1,75,240.0,8,9.0,1,0.10,30.0,"Breads, cereals, fastfood,grains"
Mầm lúa mì,1 cup,68,245.0,17,7.0,3,2.50,34.0,"Breads, cereals, fastfood,grains"
Ngũ cốc mầm lúa mì nướng,1 cup,65,260.0,20,7.0,3,2.50,36.0,"Breads, cereals, fastfood,grains"
Ngũ cốc bột mì chưa tinh chế,3/4 cup,30,103.0,4,1.0,0,0.70,25.0,"Breads, cereals, fastfood,grains"
"Lúa mì, nấu chín",3/4 cup,200,275.0,12,1.0,0,4.40,35.0,"Breads, cereals, fastfood,grains"
Súp đậu,1 cup,250,190.0,8,5.0,4,0.60,30.0,Soups
Súp bò,1 cup,250,100.0,6,4.0,4,0.50,11.0,Soups
nước dùng,1 cup,240,24.0,5,0.0,0,0,0.0,Soups
súp gà,1 cup,250,75.0,4,2.0,2,0,10.0,Soups
Canh nghêu,1 cup,255,85.0,5,2.0,8,0.50,12.0,Soups
Súp kem,1 cup,255,200.0,7,12.0,11,1.20,18.0,Soups
mì,1 cup,250,115.0,6,4.0,3,0.20,13.0,Soups
Súp đậu tách,1 cup,250,147.0,8,3.0,3,0.50,25.0,Soups
Súp cà chua,1 cup,245,175.0,6,7.0,6,0.50,22.0,Soups
Rau quả,1 cup,250,80.0,4,2.0,2,0,14.0,Soups
táo betty,1 serving,100,150.0,1,4.0,0,0.5,29.0,"Desserts, sweets"
Bánh pudding,3/4 cup,200,374.0,11,12.0,11,0.20,56.0,"Desserts, sweets"
bánh ngọt,1 slice,40,110.0,3,0.0,0,0,23.0,"Desserts, sweets"
Kẹo sôcôla,1 slice,120,420.0,5,14.0,12,0.3,70.0,"Desserts, sweets"
bánh nướng nhỏ,1,50,160.0,3,3.0,2,t,31.0,"Desserts, sweets"
Bánh trái cây,1 slice,30,105.0,2,4.0,3,0.2,17.0,"Desserts, sweets"
bánh gừng,1 slice,55,180.0,2,7.0,6,t,28.0,"Desserts, sweets"
"Đồng bằng, không có đóng băng",1 slice,55,180.0,4,5.0,4,t,31.0,"Desserts, sweets"
Bánh bông lan,1 slice,40,115.0,3,2.0,2,0,22.0,"Desserts, sweets"
Kẹo,5,25,104.0,0,3.0,3,0,19.0,"Desserts, sweets"
Kem sô cô la,2,30,130.0,0,4.0,4,0,24.0,"Desserts, sweets"
Kẹo mềm,2 pieces,90,370.0,0,12.0,11,0.1,80.0,"Desserts, sweets"
Kẹo cứng,1 oz.,28,90.0,0,0.0,0,0,28.0,"Desserts, sweets"
kẹo dẻo,5,30,98.0,1,0.0,0,0,23.0,"Desserts, sweets"
sô cô la sữa,2-oz. bar,56,290.0,2,6.0,6,0.2,44.0,"Desserts, sweets"
Xi-rô sô-cô-la,2 T.,40,80.0,0,0.0,t,0,22.0,"Desserts, sweets"
bánh rán,1,33,135.0,2,7.0,4,t,17.0,"Desserts, sweets"
"Gelatin, làm bằng nước",1 cup,239,155.0,4,0.0,t,0,36.0,"Desserts, sweets"
Em yêu,2 T.,42,120.0,0,0.0,0,0,30.0,"Jams, Jellies"
đá,1 cup,150,117.0,0,0.0,0,0,48.0,"Desserts, sweets"
bảo quản,1 T.,20,55.0,0,0.0,0,t,14.0,"Jams, Jellies"
thạch,1 T.,20,50.0,0,0.0,0,0,13.0,"Jams, Jellies"
Mật đường,1 T.,20,45.0,0,0.0,0,8,11.0,"Jams, Jellies"
Xi-rô mía,1 T.,20,50.0,0,0.0,0,0,13.0,"Jams, Jellies"
"Đường kính 9"".",1 slice,135,330.0,3,13.0,11,0.1,53.0,"Desserts, sweets"
Bánh anh đào,1 slice,135,340.0,3,13.0,11,0.1,55.0,"Desserts, sweets"
bánh trứng đường chanh,1 slice,120,300.0,4,12.0,10,0.1,45.0,"Desserts, sweets"
thịt băm,1 slice,135,340.0,3,9.0,8,0.70,62.0,"Desserts, sweets"
bánh bí ngô,1 slice,130,265.0,5,12.0,11,8,34.0,"Desserts, sweets"
Bánh pudding đường,1 cup,200,770.0,0,0.0,0,0,199.0,"Desserts, sweets"
3 thìa cà phê đường,1 T.,12,50.0,0,0.0,0,0,12.0,"Desserts, sweets"
"Đường nâu, đóng gói chắc chắn, màu đen",1 cup,220,815.0,0,0.0,0,0,210.0,"Jams, Jellies"
Xi-rô,2 T.,40,100.0,0,0.0,0,0,25.0,"Jams, Jellies"
bàn trộn đường,2 T.,40,110.0,0,0.0,0,0,29.0,"Jams, Jellies"
Bánh pudding kem khoai mì,1 cup,250,335.0,10,10.0,9,0,42.0,"Desserts, sweets"
hạnh nhân,1/2 cup,70,425.0,13,38.0,28,1.8,13.0,Seeds and Nuts
rang và muối,1/2 cup,70,439.0,13,40.0,31,1.8,13.0,Seeds and Nuts
quả hạch Brazil,1/2 cup,70,457.0,10,47.0,31,2,7.0,Seeds and Nuts
hạt điều,1/2 cup,70,392.0,12,32.0,28,0.9,20.0,Seeds and Nuts
dừa ngọt,1/2 cup,50,274.0,1,20.0,19,2,26.0,Seeds and Nuts
Bơ đậu phộng,1/3 cup,50,300.0,12,25.0,17,0.9,9.0,Seeds and Nuts
"Bơ đậu phộng, tự nhiên",1/3 cup,50,284.0,13,24.0,10,0.9,8.0,Seeds and Nuts
Đậu phộng,1/3 cup,50,290.0,13,25.0,16,1.2,9.0,Seeds and Nuts
quả hồ đào,1/2 cup,52,343.0,5,35.0,25,1.1,7.0,Seeds and Nuts
Hạt mè,1/2 cup,50,280.0,9,24.0,13,3.1,10.0,Seeds and Nuts
Hạt hướng dương,1/2 cup,50,280.0,12,26.0,7,1.9,10.0,Seeds and Nuts
quả óc chó,1/2 cup,50,325.0,7,32.0,7,1,8.0,Seeds and Nuts
Bia,2 cups,480,228.0,0,0.0,0,0,8.0,"Drinks,Alcohol, Beverages"
Gin,1 oz.,28,70.0,0,0.0,0,0,0.0,"Drinks,Alcohol, Beverages"
Rượu vang,1/2 cup,120,164.0,0,0.0,0,0,9.0,"Drinks,Alcohol, Beverages"
"Bảng (12,2% cồn)",1/2 cup,120,100.0,0,0.0,0,0,5.0,"Drinks,Alcohol, Beverages"
Đồ uống có ga Làm ngọt nhân tạo,12 oz.,346,0.0,0,0.0,0,0,0.0,"Drinks,Alcohol, Beverages"
Câu lạc bộ soda,12 oz.,346,0.0,0,0.0,0,0,0.0,"Drinks,Alcohol, Beverages"
đồ uống cola,12 oz.,346,137.0,0,0.0,0,0,38.0,"Drinks,Alcohol, Beverages"
Soda hương trái cây,12 oz.,346,161.0,0,0.0,0,0,42.0,"Drinks,Alcohol, Beverages"
rượu gừng,12 oz.,346,105.0,0,0.0,0,0,28.0,"Drinks,Alcohol, Beverages"
Bia gốc,12 oz.,346,140.0,0,0.0,0,0,35.0,"Drinks,Alcohol, Beverages"
Cà phê,1 cup,230,3.0,0,0.0,0,0,1.0,"Drinks,Alcohol, Beverages"
Trà,1 cup,230,4.0,0,0.0,0,0,1.0,"Drinks,Alcohol, Beverages"
